shoulder,wrist,tp,fp
0.02434450000000002,0.019374300632911397,10,0
0.02434450000000002,0.02177355696202532,10,0
0.02434450000000002,0.024172813291139246,10,0
0.02434450000000002,0.02657206962025317,10,0
0.02434450000000002,0.02897132594936709,10,0
0.02434450000000002,0.03137058227848102,10,0
0.02434450000000002,0.03376983860759494,10,0
0.02434450000000002,0.03616909493670886,10,0
0.02434450000000002,0.03856835126582279,10,0
0.02434450000000002,0.040967607594936714,10,0
0.02434450000000002,0.04336686392405063,10,0
0.02434450000000002,0.04576612025316456,10,0
0.02434450000000002,0.048165376582278485,10,0
0.02434450000000002,0.050564632911392404,10,0
0.02434450000000002,0.05296388924050633,10,0
0.02434450000000002,0.055363145569620256,10,0
0.02434450000000002,0.057762401898734175,10,0
0.02434450000000002,0.0601616582278481,10,0
0.02434450000000002,0.06256091455696203,10,0
0.02434450000000002,0.06496017088607595,10,0
0.02434450000000002,0.06735942721518988,10,0
0.02434450000000002,0.0697586835443038,10,0
0.02434450000000002,0.07215793987341772,10,0
0.02434450000000002,0.07455719620253165,10,0
0.02434450000000002,0.07695645253164557,10,0
0.02434450000000002,0.07935570886075949,10,0
0.02434450000000002,0.08175496518987342,10,0
0.02434450000000002,0.08415422151898734,10,0
0.02434450000000002,0.08655347784810126,10,0
0.02434450000000002,0.08895273417721519,10,0
0.02434450000000002,0.09135199050632911,10,0
0.02434450000000002,0.09375124683544303,10,0
0.02434450000000002,0.09615050316455696,10,0
0.02434450000000002,0.09854975949367088,10,0
0.02434450000000002,0.1009490158227848,10,0
0.02434450000000002,0.10334827215189873,10,0
0.02434450000000002,0.10574752848101265,10,0
0.02434450000000002,0.10814678481012657,10,0
0.02434450000000002,0.1105460411392405,10,0
0.02434450000000002,0.11294529746835442,10,0
0.02434450000000002,0.11534455379746834,10,0
0.02434450000000002,0.11774381012658228,10,0
0.02434450000000002,0.1201430664556962,10,0
0.02434450000000002,0.12254232278481013,10,0
0.02434450000000002,0.12494157911392405,10,0
0.025497334177215208,0.019374300632911397,10,0
0.025497334177215208,0.02177355696202532,10,0
0.025497334177215208,0.024172813291139246,10,0
0.025497334177215208,0.02657206962025317,10,0
0.025497334177215208,0.02897132594936709,10,0
0.025497334177215208,0.03137058227848102,10,0
0.025497334177215208,0.03376983860759494,10,0
0.025497334177215208,0.03616909493670886,10,0
0.025497334177215208,0.03856835126582279,10,0
0.025497334177215208,0.040967607594936714,10,0
0.025497334177215208,0.04336686392405063,10,0
0.025497334177215208,0.04576612025316456,10,0
0.025497334177215208,0.048165376582278485,10,0
0.025497334177215208,0.050564632911392404,10,0
0.025497334177215208,0.05296388924050633,10,0
0.025497334177215208,0.055363145569620256,10,0
0.025497334177215208,0.057762401898734175,10,0
0.025497334177215208,0.0601616582278481,10,0
0.025497334177215208,0.06256091455696203,10,0
0.025497334177215208,0.06496017088607595,10,0
0.025497334177215208,0.06735942721518988,10,0
0.025497334177215208,0.0697586835443038,10,0
0.025497334177215208,0.07215793987341772,10,0
0.025497334177215208,0.07455719620253165,10,0
0.025497334177215208,0.07695645253164557,10,0
0.025497334177215208,0.07935570886075949,10,0
0.025497334177215208,0.08175496518987342,10,0
0.025497334177215208,0.08415422151898734,10,0
0.025497334177215208,0.08655347784810126,10,0
0.025497334177215208,0.08895273417721519,10,0
0.025497334177215208,0.09135199050632911,10,0
0.025497334177215208,0.09375124683544303,10,0
0.025497334177215208,0.09615050316455696,10,0
0.025497334177215208,0.09854975949367088,10,0
0.025497334177215208,0.1009490158227848,10,0
0.025497334177215208,0.10334827215189873,10,0
0.025497334177215208,0.10574752848101265,10,0
0.025497334177215208,0.10814678481012657,10,0
0.025497334177215208,0.1105460411392405,10,0
0.025497334177215208,0.11294529746835442,10,0
0.025497334177215208,0.11534455379746834,10,0
0.025497334177215208,0.11774381012658228,10,0
0.025497334177215208,0.1201430664556962,10,0
0.025497334177215208,0.12254232278481013,10,0
0.025497334177215208,0.12494157911392405,10,0
0.026650168354430397,0.019374300632911397,10,0
0.026650168354430397,0.02177355696202532,10,0
0.026650168354430397,0.024172813291139246,10,0
0.026650168354430397,0.02657206962025317,10,0
0.026650168354430397,0.02897132594936709,10,0
0.026650168354430397,0.03137058227848102,10,0
0.026650168354430397,0.03376983860759494,10,0
0.026650168354430397,0.03616909493670886,10,0
0.026650168354430397,0.03856835126582279,10,0
0.026650168354430397,0.040967607594936714,10,0
0.026650168354430397,0.04336686392405063,10,0
0.026650168354430397,0.04576612025316456,10,0
0.026650168354430397,0.048165376582278485,10,0
0.026650168354430397,0.050564632911392404,10,0
0.026650168354430397,0.05296388924050633,10,0
0.026650168354430397,0.055363145569620256,10,0
0.026650168354430397,0.057762401898734175,10,0
0.026650168354430397,0.0601616582278481,10,0
0.026650168354430397,0.06256091455696203,10,0
0.026650168354430397,0.06496017088607595,10,0
0.026650168354430397,0.06735942721518988,10,0
0.026650168354430397,0.0697586835443038,10,0
0.026650168354430397,0.07215793987341772,10,0
0.026650168354430397,0.07455719620253165,10,0
0.026650168354430397,0.07695645253164557,10,0
0.026650168354430397,0.07935570886075949,10,0
0.026650168354430397,0.08175496518987342,10,0
0.026650168354430397,0.08415422151898734,10,0
0.026650168354430397,0.08655347784810126,10,0
0.026650168354430397,0.08895273417721519,10,0
0.026650168354430397,0.09135199050632911,10,0
0.026650168354430397,0.09375124683544303,10,0
0.026650168354430397,0.09615050316455696,10,0
0.026650168354430397,0.09854975949367088,10,0
0.026650168354430397,0.1009490158227848,10,0
0.026650168354430397,0.10334827215189873,10,0
0.026650168354430397,0.10574752848101265,10,0
0.026650168354430397,0.10814678481012657,10,0
0.026650168354430397,0.1105460411392405,10,0
0.026650168354430397,0.11294529746835442,10,0
0.026650168354430397,0.11534455379746834,10,0
0.026650168354430397,0.11774381012658228,10,0
0.026650168354430397,0.1201430664556962,10,0
0.026650168354430397,0.12254232278481013,10,0
0.026650168354430397,0.12494157911392405,10,0
0.027803002531645585,0.019374300632911397,10,0
0.027803002531645585,0.02177355696202532,10,0
0.027803002531645585,0.024172813291139246,10,0
0.027803002531645585,0.02657206962025317,10,0
0.027803002531645585,0.02897132594936709,10,0
0.027803002531645585,0.03137058227848102,10,0
0.027803002531645585,0.03376983860759494,10,0
0.027803002531645585,0.03616909493670886,10,0
0.027803002531645585,0.03856835126582279,10,0
0.027803002531645585,0.040967607594936714,10,0
0.027803002531645585,0.04336686392405063,10,0
0.027803002531645585,0.04576612025316456,10,0
0.027803002531645585,0.048165376582278485,10,0
0.027803002531645585,0.050564632911392404,10,0
0.027803002531645585,0.05296388924050633,10,0
0.027803002531645585,0.055363145569620256,10,0
0.027803002531645585,0.057762401898734175,10,0
0.027803002531645585,0.0601616582278481,10,0
0.027803002531645585,0.06256091455696203,10,0
0.027803002531645585,0.06496017088607595,10,0
0.027803002531645585,0.06735942721518988,10,0
0.027803002531645585,0.0697586835443038,10,0
0.027803002531645585,0.07215793987341772,10,0
0.027803002531645585,0.07455719620253165,10,0
0.027803002531645585,0.07695645253164557,10,0
0.027803002531645585,0.07935570886075949,10,0
0.027803002531645585,0.08175496518987342,10,0
0.027803002531645585,0.08415422151898734,10,0
0.027803002531645585,0.08655347784810126,10,0
0.027803002531645585,0.08895273417721519,10,0
0.027803002531645585,0.09135199050632911,10,0
0.027803002531645585,0.09375124683544303,10,0
0.027803002531645585,0.09615050316455696,10,0
0.027803002531645585,0.09854975949367088,10,0
0.027803002531645585,0.1009490158227848,10,0
0.027803002531645585,0.10334827215189873,10,0
0.027803002531645585,0.10574752848101265,10,0
0.027803002531645585,0.10814678481012657,10,0
0.027803002531645585,0.1105460411392405,10,0
0.027803002531645585,0.11294529746835442,10,0
0.027803002531645585,0.11534455379746834,10,0
0.027803002531645585,0.11774381012658228,10,0
0.027803002531645585,0.1201430664556962,10,0
0.027803002531645585,0.12254232278481013,10,0
0.027803002531645585,0.12494157911392405,10,0
0.028955836708860774,0.019374300632911397,10,0
0.028955836708860774,0.02177355696202532,10,0
0.028955836708860774,0.024172813291139246,10,0
0.028955836708860774,0.02657206962025317,10,0
0.028955836708860774,0.02897132594936709,10,0
0.028955836708860774,0.03137058227848102,10,0
0.028955836708860774,0.03376983860759494,10,0
0.028955836708860774,0.03616909493670886,10,0
0.028955836708860774,0.03856835126582279,10,0
0.028955836708860774,0.040967607594936714,10,0
0.028955836708860774,0.04336686392405063,10,0
0.028955836708860774,0.04576612025316456,10,0
0.028955836708860774,0.048165376582278485,10,0
0.028955836708860774,0.050564632911392404,10,0
0.028955836708860774,0.05296388924050633,10,0
0.028955836708860774,0.055363145569620256,10,0
0.028955836708860774,0.057762401898734175,10,0
0.028955836708860774,0.0601616582278481,10,0
0.028955836708860774,0.06256091455696203,10,0
0.028955836708860774,0.06496017088607595,10,0
0.028955836708860774,0.06735942721518988,10,0
0.028955836708860774,0.0697586835443038,10,0
0.028955836708860774,0.07215793987341772,10,0
0.028955836708860774,0.07455719620253165,10,0
0.028955836708860774,0.07695645253164557,10,0
0.028955836708860774,0.07935570886075949,10,0
0.028955836708860774,0.08175496518987342,10,0
0.028955836708860774,0.08415422151898734,10,0
0.028955836708860774,0.08655347784810126,10,0
0.028955836708860774,0.08895273417721519,10,0
0.028955836708860774,0.09135199050632911,10,0
0.028955836708860774,0.09375124683544303,10,0
0.028955836708860774,0.09615050316455696,10,0
0.028955836708860774,0.09854975949367088,10,0
0.028955836708860774,0.1009490158227848,10,0
0.028955836708860774,0.10334827215189873,10,0
0.028955836708860774,0.10574752848101265,10,0
0.028955836708860774,0.10814678481012657,10,0
0.028955836708860774,0.1105460411392405,10,0
0.028955836708860774,0.11294529746835442,10,0
0.028955836708860774,0.11534455379746834,10,0
0.028955836708860774,0.11774381012658228,10,0
0.028955836708860774,0.1201430664556962,10,0
0.028955836708860774,0.12254232278481013,10,0
0.028955836708860774,0.12494157911392405,10,0
0.030108670886075967,0.019374300632911397,10,0
0.030108670886075967,0.02177355696202532,10,0
0.030108670886075967,0.024172813291139246,10,0
0.030108670886075967,0.02657206962025317,10,0
0.030108670886075967,0.02897132594936709,10,0
0.030108670886075967,0.03137058227848102,10,0
0.030108670886075967,0.03376983860759494,10,0
0.030108670886075967,0.03616909493670886,10,0
0.030108670886075967,0.03856835126582279,10,0
0.030108670886075967,0.040967607594936714,10,0
0.030108670886075967,0.04336686392405063,10,0
0.030108670886075967,0.04576612025316456,10,0
0.030108670886075967,0.048165376582278485,10,0
0.030108670886075967,0.050564632911392404,10,0
0.030108670886075967,0.05296388924050633,10,0
0.030108670886075967,0.055363145569620256,10,0
0.030108670886075967,0.057762401898734175,10,0
0.030108670886075967,0.0601616582278481,10,0
0.030108670886075967,0.06256091455696203,10,0
0.030108670886075967,0.06496017088607595,10,0
0.030108670886075967,0.06735942721518988,10,0
0.030108670886075967,0.0697586835443038,10,0
0.030108670886075967,0.07215793987341772,10,0
0.030108670886075967,0.07455719620253165,10,0
0.030108670886075967,0.07695645253164557,10,0
0.030108670886075967,0.07935570886075949,10,0
0.030108670886075967,0.08175496518987342,10,0
0.030108670886075967,0.08415422151898734,10,0
0.030108670886075967,0.08655347784810126,10,0
0.030108670886075967,0.08895273417721519,10,0
0.030108670886075967,0.09135199050632911,10,0
0.030108670886075967,0.09375124683544303,10,0
0.030108670886075967,0.09615050316455696,10,0
0.030108670886075967,0.09854975949367088,10,0
0.030108670886075967,0.1009490158227848,10,0
0.030108670886075967,0.10334827215189873,10,0
0.030108670886075967,0.10574752848101265,10,0
0.030108670886075967,0.10814678481012657,10,0
0.030108670886075967,0.1105460411392405,10,0
0.030108670886075967,0.11294529746835442,10,0
0.030108670886075967,0.11534455379746834,10,0
0.030108670886075967,0.11774381012658228,10,0
0.030108670886075967,0.1201430664556962,10,0
0.030108670886075967,0.12254232278481013,10,0
0.030108670886075967,0.12494157911392405,10,0
0.03126150506329115,0.019374300632911397,10,0
0.03126150506329115,0.02177355696202532,10,0
0.03126150506329115,0.024172813291139246,10,0
0.03126150506329115,0.02657206962025317,10,0
0.03126150506329115,0.02897132594936709,10,0
0.03126150506329115,0.03137058227848102,10,0
0.03126150506329115,0.03376983860759494,10,0
0.03126150506329115,0.03616909493670886,10,0
0.03126150506329115,0.03856835126582279,10,0
0.03126150506329115,0.040967607594936714,10,0
0.03126150506329115,0.04336686392405063,10,0
0.03126150506329115,0.04576612025316456,10,0
0.03126150506329115,0.048165376582278485,10,0
0.03126150506329115,0.050564632911392404,10,0
0.03126150506329115,0.05296388924050633,10,0
0.03126150506329115,0.055363145569620256,10,0
0.03126150506329115,0.057762401898734175,10,0
0.03126150506329115,0.0601616582278481,10,0
0.03126150506329115,0.06256091455696203,10,0
0.03126150506329115,0.06496017088607595,10,0
0.03126150506329115,0.06735942721518988,10,0
0.03126150506329115,0.0697586835443038,10,0
0.03126150506329115,0.07215793987341772,10,0
0.03126150506329115,0.07455719620253165,10,0
0.03126150506329115,0.07695645253164557,10,0
0.03126150506329115,0.07935570886075949,10,0
0.03126150506329115,0.08175496518987342,10,0
0.03126150506329115,0.08415422151898734,10,0
0.03126150506329115,0.08655347784810126,10,0
0.03126150506329115,0.08895273417721519,10,0
0.03126150506329115,0.09135199050632911,10,0
0.03126150506329115,0.09375124683544303,10,0
0.03126150506329115,0.09615050316455696,10,0
0.03126150506329115,0.09854975949367088,10,0
0.03126150506329115,0.1009490158227848,10,0
0.03126150506329115,0.10334827215189873,10,0
0.03126150506329115,0.10574752848101265,10,0
0.03126150506329115,0.10814678481012657,10,0
0.03126150506329115,0.1105460411392405,10,0
0.03126150506329115,0.11294529746835442,10,0
0.03126150506329115,0.11534455379746834,10,0
0.03126150506329115,0.11774381012658228,10,0
0.03126150506329115,0.1201430664556962,10,0
0.03126150506329115,0.12254232278481013,10,0
0.03126150506329115,0.12494157911392405,10,0
0.032414339240506344,0.019374300632911397,10,0
0.032414339240506344,0.02177355696202532,10,0
0.032414339240506344,0.024172813291139246,10,0
0.032414339240506344,0.02657206962025317,10,0
0.032414339240506344,0.02897132594936709,10,0
0.032414339240506344,0.03137058227848102,10,0
0.032414339240506344,0.03376983860759494,10,0
0.032414339240506344,0.03616909493670886,10,0
0.032414339240506344,0.03856835126582279,10,0
0.032414339240506344,0.040967607594936714,10,0
0.032414339240506344,0.04336686392405063,10,0
0.032414339240506344,0.04576612025316456,10,0
0.032414339240506344,0.048165376582278485,10,0
0.032414339240506344,0.050564632911392404,10,0
0.032414339240506344,0.05296388924050633,10,0
0.032414339240506344,0.055363145569620256,10,0
0.032414339240506344,0.057762401898734175,10,0
0.032414339240506344,0.0601616582278481,10,0
0.032414339240506344,0.06256091455696203,10,0
0.032414339240506344,0.06496017088607595,10,0
0.032414339240506344,0.06735942721518988,10,0
0.032414339240506344,0.0697586835443038,10,0
0.032414339240506344,0.07215793987341772,10,0
0.032414339240506344,0.07455719620253165,10,0
0.032414339240506344,0.07695645253164557,10,0
0.032414339240506344,0.07935570886075949,10,0
0.032414339240506344,0.08175496518987342,10,0
0.032414339240506344,0.08415422151898734,10,0
0.032414339240506344,0.08655347784810126,10,0
0.032414339240506344,0.08895273417721519,10,0
0.032414339240506344,0.09135199050632911,10,0
0.032414339240506344,0.09375124683544303,10,0
0.032414339240506344,0.09615050316455696,10,0
0.032414339240506344,0.09854975949367088,10,0
0.032414339240506344,0.1009490158227848,10,0
0.032414339240506344,0.10334827215189873,10,0
0.032414339240506344,0.10574752848101265,10,0
0.032414339240506344,0.10814678481012657,10,0
0.032414339240506344,0.1105460411392405,10,0
0.032414339240506344,0.11294529746835442,10,0
0.032414339240506344,0.11534455379746834,10,0
0.032414339240506344,0.11774381012658228,10,0
0.032414339240506344,0.1201430664556962,10,0
0.032414339240506344,0.12254232278481013,10,0
0.032414339240506344,0.12494157911392405,10,0
0.03356717341772153,0.019374300632911397,10,0
0.03356717341772153,0.02177355696202532,10,0
0.03356717341772153,0.024172813291139246,10,0
0.03356717341772153,0.02657206962025317,10,0
0.03356717341772153,0.02897132594936709,10,0
0.03356717341772153,0.03137058227848102,10,0
0.03356717341772153,0.03376983860759494,10,0
0.03356717341772153,0.03616909493670886,10,0
0.03356717341772153,0.03856835126582279,10,0
0.03356717341772153,0.040967607594936714,10,0
0.03356717341772153,0.04336686392405063,10,0
0.03356717341772153,0.04576612025316456,10,0
0.03356717341772153,0.048165376582278485,10,0
0.03356717341772153,0.050564632911392404,10,0
0.03356717341772153,0.05296388924050633,10,0
0.03356717341772153,0.055363145569620256,10,0
0.03356717341772153,0.057762401898734175,10,0
0.03356717341772153,0.0601616582278481,10,0
0.03356717341772153,0.06256091455696203,10,0
0.03356717341772153,0.06496017088607595,10,0
0.03356717341772153,0.06735942721518988,10,0
0.03356717341772153,0.0697586835443038,10,0
0.03356717341772153,0.07215793987341772,10,0
0.03356717341772153,0.07455719620253165,10,0
0.03356717341772153,0.07695645253164557,10,0
0.03356717341772153,0.07935570886075949,10,0
0.03356717341772153,0.08175496518987342,10,0
0.03356717341772153,0.08415422151898734,10,0
0.03356717341772153,0.08655347784810126,10,0
0.03356717341772153,0.08895273417721519,10,0
0.03356717341772153,0.09135199050632911,10,0
0.03356717341772153,0.09375124683544303,10,0
0.03356717341772153,0.09615050316455696,10,0
0.03356717341772153,0.09854975949367088,10,0
0.03356717341772153,0.1009490158227848,10,0
0.03356717341772153,0.10334827215189873,10,0
0.03356717341772153,0.10574752848101265,10,0
0.03356717341772153,0.10814678481012657,10,0
0.03356717341772153,0.1105460411392405,10,0
0.03356717341772153,0.11294529746835442,10,0
0.03356717341772153,0.11534455379746834,10,0
0.03356717341772153,0.11774381012658228,10,0
0.03356717341772153,0.1201430664556962,10,0
0.03356717341772153,0.12254232278481013,10,0
0.03356717341772153,0.12494157911392405,10,0
0.03472000759493672,0.019374300632911397,10,0
0.03472000759493672,0.02177355696202532,10,0
0.03472000759493672,0.024172813291139246,10,0
0.03472000759493672,0.02657206962025317,10,0
0.03472000759493672,0.02897132594936709,10,0
0.03472000759493672,0.03137058227848102,10,0
0.03472000759493672,0.03376983860759494,10,0
0.03472000759493672,0.03616909493670886,10,0
0.03472000759493672,0.03856835126582279,10,0
0.03472000759493672,0.040967607594936714,10,0
0.03472000759493672,0.04336686392405063,10,0
0.03472000759493672,0.04576612025316456,10,0
0.03472000759493672,0.048165376582278485,10,0
0.03472000759493672,0.050564632911392404,10,0
0.03472000759493672,0.05296388924050633,10,0
0.03472000759493672,0.055363145569620256,10,0
0.03472000759493672,0.057762401898734175,10,0
0.03472000759493672,0.0601616582278481,10,0
0.03472000759493672,0.06256091455696203,10,0
0.03472000759493672,0.06496017088607595,10,0
0.03472000759493672,0.06735942721518988,10,0
0.03472000759493672,0.0697586835443038,10,0
0.03472000759493672,0.07215793987341772,10,0
0.03472000759493672,0.07455719620253165,10,0
0.03472000759493672,0.07695645253164557,10,0
0.03472000759493672,0.07935570886075949,10,0
0.03472000759493672,0.08175496518987342,10,0
0.03472000759493672,0.08415422151898734,10,0
0.03472000759493672,0.08655347784810126,10,0
0.03472000759493672,0.08895273417721519,10,0
0.03472000759493672,0.09135199050632911,10,0
0.03472000759493672,0.09375124683544303,10,0
0.03472000759493672,0.09615050316455696,10,0
0.03472000759493672,0.09854975949367088,10,0
0.03472000759493672,0.1009490158227848,10,0
0.03472000759493672,0.10334827215189873,10,0
0.03472000759493672,0.10574752848101265,10,0
0.03472000759493672,0.10814678481012657,10,0
0.03472000759493672,0.1105460411392405,10,0
0.03472000759493672,0.11294529746835442,10,0
0.03472000759493672,0.11534455379746834,10,0
0.03472000759493672,0.11774381012658228,10,0
0.03472000759493672,0.1201430664556962,10,0
0.03472000759493672,0.12254232278481013,10,0
0.03472000759493672,0.12494157911392405,10,0
0.035872841772151914,0.019374300632911397,10,0
0.035872841772151914,0.02177355696202532,10,0
0.035872841772151914,0.024172813291139246,10,0
0.035872841772151914,0.02657206962025317,10,0
0.035872841772151914,0.02897132594936709,10,0
0.035872841772151914,0.03137058227848102,10,0
0.035872841772151914,0.03376983860759494,10,0
0.035872841772151914,0.03616909493670886,10,0
0.035872841772151914,0.03856835126582279,10,0
0.035872841772151914,0.040967607594936714,10,0
0.035872841772151914,0.04336686392405063,10,0
0.035872841772151914,0.04576612025316456,10,0
0.035872841772151914,0.048165376582278485,10,0
0.035872841772151914,0.050564632911392404,10,0
0.035872841772151914,0.05296388924050633,10,0
0.035872841772151914,0.055363145569620256,10,0
0.035872841772151914,0.057762401898734175,10,0
0.035872841772151914,0.0601616582278481,10,0
0.035872841772151914,0.06256091455696203,10,0
0.035872841772151914,0.06496017088607595,10,0
0.035872841772151914,0.06735942721518988,10,0
0.035872841772151914,0.0697586835443038,10,0
0.035872841772151914,0.07215793987341772,10,0
0.035872841772151914,0.07455719620253165,10,0
0.035872841772151914,0.07695645253164557,10,0
0.035872841772151914,0.07935570886075949,10,0
0.035872841772151914,0.08175496518987342,10,0
0.035872841772151914,0.08415422151898734,10,0
0.035872841772151914,0.08655347784810126,10,0
0.035872841772151914,0.08895273417721519,10,0
0.035872841772151914,0.09135199050632911,10,0
0.035872841772151914,0.09375124683544303,10,0
0.035872841772151914,0.09615050316455696,10,0
0.035872841772151914,0.09854975949367088,10,0
0.035872841772151914,0.1009490158227848,10,0
0.035872841772151914,0.10334827215189873,10,0
0.035872841772151914,0.10574752848101265,10,0
0.035872841772151914,0.10814678481012657,10,0
0.035872841772151914,0.1105460411392405,10,0
0.035872841772151914,0.11294529746835442,10,0
0.035872841772151914,0.11534455379746834,10,0
0.035872841772151914,0.11774381012658228,10,0
0.035872841772151914,0.1201430664556962,10,0
0.035872841772151914,0.12254232278481013,10,0
0.035872841772151914,0.12494157911392405,10,0
0.0370256759493671,0.019374300632911397,10,0
0.0370256759493671,0.02177355696202532,10,0
0.0370256759493671,0.024172813291139246,10,0
0.0370256759493671,0.02657206962025317,10,0
0.0370256759493671,0.02897132594936709,10,0
0.0370256759493671,0.03137058227848102,10,0
0.0370256759493671,0.03376983860759494,10,0
0.0370256759493671,0.03616909493670886,10,0
0.0370256759493671,0.03856835126582279,10,0
0.0370256759493671,0.040967607594936714,10,0
0.0370256759493671,0.04336686392405063,10,0
0.0370256759493671,0.04576612025316456,10,0
0.0370256759493671,0.048165376582278485,10,0
0.0370256759493671,0.050564632911392404,10,0
0.0370256759493671,0.05296388924050633,10,0
0.0370256759493671,0.055363145569620256,10,0
0.0370256759493671,0.057762401898734175,10,0
0.0370256759493671,0.0601616582278481,10,0
0.0370256759493671,0.06256091455696203,10,0
0.0370256759493671,0.06496017088607595,10,0
0.0370256759493671,0.06735942721518988,10,0
0.0370256759493671,0.0697586835443038,10,0
0.0370256759493671,0.07215793987341772,10,0
0.0370256759493671,0.07455719620253165,10,0
0.0370256759493671,0.07695645253164557,10,0
0.0370256759493671,0.07935570886075949,10,0
0.0370256759493671,0.08175496518987342,10,0
0.0370256759493671,0.08415422151898734,10,0
0.0370256759493671,0.08655347784810126,10,0
0.0370256759493671,0.08895273417721519,10,0
0.0370256759493671,0.09135199050632911,10,0
0.0370256759493671,0.09375124683544303,10,0
0.0370256759493671,0.09615050316455696,10,0
0.0370256759493671,0.09854975949367088,10,0
0.0370256759493671,0.1009490158227848,10,0
0.0370256759493671,0.10334827215189873,10,0
0.0370256759493671,0.10574752848101265,10,0
0.0370256759493671,0.10814678481012657,10,0
0.0370256759493671,0.1105460411392405,10,0
0.0370256759493671,0.11294529746835442,10,0
0.0370256759493671,0.11534455379746834,10,0
0.0370256759493671,0.11774381012658228,10,0
0.0370256759493671,0.1201430664556962,10,0
0.0370256759493671,0.12254232278481013,10,0
0.0370256759493671,0.12494157911392405,10,0
0.03817851012658229,0.019374300632911397,10,0
0.03817851012658229,0.02177355696202532,10,0
0.03817851012658229,0.024172813291139246,10,0
0.03817851012658229,0.02657206962025317,10,0
0.03817851012658229,0.02897132594936709,10,0
0.03817851012658229,0.03137058227848102,10,0
0.03817851012658229,0.03376983860759494,10,0
0.03817851012658229,0.03616909493670886,10,0
0.03817851012658229,0.03856835126582279,10,0
0.03817851012658229,0.040967607594936714,10,0
0.03817851012658229,0.04336686392405063,10,0
0.03817851012658229,0.04576612025316456,10,0
0.03817851012658229,0.048165376582278485,10,0
0.03817851012658229,0.050564632911392404,10,0
0.03817851012658229,0.05296388924050633,10,0
0.03817851012658229,0.055363145569620256,10,0
0.03817851012658229,0.057762401898734175,10,0
0.03817851012658229,0.0601616582278481,10,0
0.03817851012658229,0.06256091455696203,10,0
0.03817851012658229,0.06496017088607595,10,0
0.03817851012658229,0.06735942721518988,10,0
0.03817851012658229,0.0697586835443038,10,0
0.03817851012658229,0.07215793987341772,10,0
0.03817851012658229,0.07455719620253165,10,0
0.03817851012658229,0.07695645253164557,10,0
0.03817851012658229,0.07935570886075949,10,0
0.03817851012658229,0.08175496518987342,10,0
0.03817851012658229,0.08415422151898734,10,0
0.03817851012658229,0.08655347784810126,10,0
0.03817851012658229,0.08895273417721519,10,0
0.03817851012658229,0.09135199050632911,10,0
0.03817851012658229,0.09375124683544303,10,0
0.03817851012658229,0.09615050316455696,10,0
0.03817851012658229,0.09854975949367088,10,0
0.03817851012658229,0.1009490158227848,10,0
0.03817851012658229,0.10334827215189873,10,0
0.03817851012658229,0.10574752848101265,10,0
0.03817851012658229,0.10814678481012657,10,0
0.03817851012658229,0.1105460411392405,10,0
0.03817851012658229,0.11294529746835442,10,0
0.03817851012658229,0.11534455379746834,10,0
0.03817851012658229,0.11774381012658228,10,0
0.03817851012658229,0.1201430664556962,10,0
0.03817851012658229,0.12254232278481013,10,0
0.03817851012658229,0.12494157911392405,10,0
0.03933134430379748,0.019374300632911397,10,0
0.03933134430379748,0.02177355696202532,10,0
0.03933134430379748,0.024172813291139246,10,0
0.03933134430379748,0.02657206962025317,10,0
0.03933134430379748,0.02897132594936709,10,0
0.03933134430379748,0.03137058227848102,10,0
0.03933134430379748,0.03376983860759494,10,0
0.03933134430379748,0.03616909493670886,10,0
0.03933134430379748,0.03856835126582279,10,0
0.03933134430379748,0.040967607594936714,10,0
0.03933134430379748,0.04336686392405063,10,0
0.03933134430379748,0.04576612025316456,10,0
0.03933134430379748,0.048165376582278485,10,0
0.03933134430379748,0.050564632911392404,10,0
0.03933134430379748,0.05296388924050633,10,0
0.03933134430379748,0.055363145569620256,10,0
0.03933134430379748,0.057762401898734175,10,0
0.03933134430379748,0.0601616582278481,10,0
0.03933134430379748,0.06256091455696203,10,0
0.03933134430379748,0.06496017088607595,10,0
0.03933134430379748,0.06735942721518988,10,0
0.03933134430379748,0.0697586835443038,10,0
0.03933134430379748,0.07215793987341772,10,0
0.03933134430379748,0.07455719620253165,10,0
0.03933134430379748,0.07695645253164557,10,0
0.03933134430379748,0.07935570886075949,10,0
0.03933134430379748,0.08175496518987342,10,0
0.03933134430379748,0.08415422151898734,10,0
0.03933134430379748,0.08655347784810126,10,0
0.03933134430379748,0.08895273417721519,10,0
0.03933134430379748,0.09135199050632911,10,0
0.03933134430379748,0.09375124683544303,10,0
0.03933134430379748,0.09615050316455696,10,0
0.03933134430379748,0.09854975949367088,10,0
0.03933134430379748,0.1009490158227848,10,0
0.03933134430379748,0.10334827215189873,10,0
0.03933134430379748,0.10574752848101265,10,0
0.03933134430379748,0.10814678481012657,10,0
0.03933134430379748,0.1105460411392405,10,0
0.03933134430379748,0.11294529746835442,10,0
0.03933134430379748,0.11534455379746834,10,0
0.03933134430379748,0.11774381012658228,10,0
0.03933134430379748,0.1201430664556962,10,0
0.03933134430379748,0.12254232278481013,10,0
0.03933134430379748,0.12494157911392405,10,0
0.04048417848101267,0.019374300632911397,10,0
0.04048417848101267,0.02177355696202532,10,0
0.04048417848101267,0.024172813291139246,10,0
0.04048417848101267,0.02657206962025317,10,0
0.04048417848101267,0.02897132594936709,10,0
0.04048417848101267,0.03137058227848102,10,0
0.04048417848101267,0.03376983860759494,10,0
0.04048417848101267,0.03616909493670886,10,0
0.04048417848101267,0.03856835126582279,10,0
0.04048417848101267,0.040967607594936714,10,0
0.04048417848101267,0.04336686392405063,10,0
0.04048417848101267,0.04576612025316456,10,0
0.04048417848101267,0.048165376582278485,10,0
0.04048417848101267,0.050564632911392404,10,0
0.04048417848101267,0.05296388924050633,10,0
0.04048417848101267,0.055363145569620256,10,0
0.04048417848101267,0.057762401898734175,10,0
0.04048417848101267,0.0601616582278481,10,0
0.04048417848101267,0.06256091455696203,10,0
0.04048417848101267,0.06496017088607595,10,0
0.04048417848101267,0.06735942721518988,10,0
0.04048417848101267,0.0697586835443038,10,0
0.04048417848101267,0.07215793987341772,10,0
0.04048417848101267,0.07455719620253165,10,0
0.04048417848101267,0.07695645253164557,10,0
0.04048417848101267,0.07935570886075949,10,0
0.04048417848101267,0.08175496518987342,10,0
0.04048417848101267,0.08415422151898734,10,0
0.04048417848101267,0.08655347784810126,10,0
0.04048417848101267,0.08895273417721519,10,0
0.04048417848101267,0.09135199050632911,10,0
0.04048417848101267,0.09375124683544303,10,0
0.04048417848101267,0.09615050316455696,10,0
0.04048417848101267,0.09854975949367088,10,0
0.04048417848101267,0.1009490158227848,10,0
0.04048417848101267,0.10334827215189873,10,0
0.04048417848101267,0.10574752848101265,10,0
0.04048417848101267,0.10814678481012657,10,0
0.04048417848101267,0.1105460411392405,10,0
0.04048417848101267,0.11294529746835442,10,0
0.04048417848101267,0.11534455379746834,10,0
0.04048417848101267,0.11774381012658228,10,0
0.04048417848101267,0.1201430664556962,10,0
0.04048417848101267,0.12254232278481013,10,0
0.04048417848101267,0.12494157911392405,10,0
0.04163701265822786,0.019374300632911397,10,0
0.04163701265822786,0.02177355696202532,10,0
0.04163701265822786,0.024172813291139246,10,0
0.04163701265822786,0.02657206962025317,10,0
0.04163701265822786,0.02897132594936709,10,0
0.04163701265822786,0.03137058227848102,10,0
0.04163701265822786,0.03376983860759494,10,0
0.04163701265822786,0.03616909493670886,10,0
0.04163701265822786,0.03856835126582279,10,0
0.04163701265822786,0.040967607594936714,10,0
0.04163701265822786,0.04336686392405063,10,0
0.04163701265822786,0.04576612025316456,10,0
0.04163701265822786,0.048165376582278485,10,0
0.04163701265822786,0.050564632911392404,10,0
0.04163701265822786,0.05296388924050633,10,0
0.04163701265822786,0.055363145569620256,10,0
0.04163701265822786,0.057762401898734175,10,0
0.04163701265822786,0.0601616582278481,10,0
0.04163701265822786,0.06256091455696203,10,0
0.04163701265822786,0.06496017088607595,10,0
0.04163701265822786,0.06735942721518988,10,0
0.04163701265822786,0.0697586835443038,10,0
0.04163701265822786,0.07215793987341772,10,0
0.04163701265822786,0.07455719620253165,10,0
0.04163701265822786,0.07695645253164557,10,0
0.04163701265822786,0.07935570886075949,10,0
0.04163701265822786,0.08175496518987342,10,0
0.04163701265822786,0.08415422151898734,10,0
0.04163701265822786,0.08655347784810126,10,0
0.04163701265822786,0.08895273417721519,10,0
0.04163701265822786,0.09135199050632911,10,0
0.04163701265822786,0.09375124683544303,10,0
0.04163701265822786,0.09615050316455696,10,0
0.04163701265822786,0.09854975949367088,10,0
0.04163701265822786,0.1009490158227848,10,0
0.04163701265822786,0.10334827215189873,10,0
0.04163701265822786,0.10574752848101265,10,0
0.04163701265822786,0.10814678481012657,10,0
0.04163701265822786,0.1105460411392405,10,0
0.04163701265822786,0.11294529746835442,10,0
0.04163701265822786,0.11534455379746834,10,0
0.04163701265822786,0.11774381012658228,10,0
0.04163701265822786,0.1201430664556962,10,0
0.04163701265822786,0.12254232278481013,10,0
0.04163701265822786,0.12494157911392405,10,0
0.04278984683544305,0.019374300632911397,10,0
0.04278984683544305,0.02177355696202532,10,0
0.04278984683544305,0.024172813291139246,10,0
0.04278984683544305,0.02657206962025317,10,0
0.04278984683544305,0.02897132594936709,10,0
0.04278984683544305,0.03137058227848102,10,0
0.04278984683544305,0.03376983860759494,10,0
0.04278984683544305,0.03616909493670886,10,0
0.04278984683544305,0.03856835126582279,10,0
0.04278984683544305,0.040967607594936714,10,0
0.04278984683544305,0.04336686392405063,10,0
0.04278984683544305,0.04576612025316456,10,0
0.04278984683544305,0.048165376582278485,10,0
0.04278984683544305,0.050564632911392404,10,0
0.04278984683544305,0.05296388924050633,10,0
0.04278984683544305,0.055363145569620256,10,0
0.04278984683544305,0.057762401898734175,10,0
0.04278984683544305,0.0601616582278481,10,0
0.04278984683544305,0.06256091455696203,10,0
0.04278984683544305,0.06496017088607595,10,0
0.04278984683544305,0.06735942721518988,10,0
0.04278984683544305,0.0697586835443038,10,0
0.04278984683544305,0.07215793987341772,10,0
0.04278984683544305,0.07455719620253165,10,0
0.04278984683544305,0.07695645253164557,10,0
0.04278984683544305,0.07935570886075949,10,0
0.04278984683544305,0.08175496518987342,10,0
0.04278984683544305,0.08415422151898734,10,0
0.04278984683544305,0.08655347784810126,10,0
0.04278984683544305,0.08895273417721519,10,0
0.04278984683544305,0.09135199050632911,10,0
0.04278984683544305,0.09375124683544303,10,0
0.04278984683544305,0.09615050316455696,10,0
0.04278984683544305,0.09854975949367088,10,0
0.04278984683544305,0.1009490158227848,10,0
0.04278984683544305,0.10334827215189873,10,0
0.04278984683544305,0.10574752848101265,10,0
0.04278984683544305,0.10814678481012657,10,0
0.04278984683544305,0.1105460411392405,10,0
0.04278984683544305,0.11294529746835442,10,0
0.04278984683544305,0.11534455379746834,10,0
0.04278984683544305,0.11774381012658228,10,0
0.04278984683544305,0.1201430664556962,10,0
0.04278984683544305,0.12254232278481013,10,0
0.04278984683544305,0.12494157911392405,10,0
0.04394268101265823,0.019374300632911397,10,0
0.04394268101265823,0.02177355696202532,10,0
0.04394268101265823,0.024172813291139246,10,0
0.04394268101265823,0.02657206962025317,10,0
0.04394268101265823,0.02897132594936709,10,0
0.04394268101265823,0.03137058227848102,10,0
0.04394268101265823,0.03376983860759494,10,0
0.04394268101265823,0.03616909493670886,10,0
0.04394268101265823,0.03856835126582279,10,0
0.04394268101265823,0.040967607594936714,10,0
0.04394268101265823,0.04336686392405063,10,0
0.04394268101265823,0.04576612025316456,10,0
0.04394268101265823,0.048165376582278485,10,0
0.04394268101265823,0.050564632911392404,10,0
0.04394268101265823,0.05296388924050633,10,0
0.04394268101265823,0.055363145569620256,10,0
0.04394268101265823,0.057762401898734175,10,0
0.04394268101265823,0.0601616582278481,10,0
0.04394268101265823,0.06256091455696203,10,0
0.04394268101265823,0.06496017088607595,10,0
0.04394268101265823,0.06735942721518988,10,0
0.04394268101265823,0.0697586835443038,10,0
0.04394268101265823,0.07215793987341772,10,0
0.04394268101265823,0.07455719620253165,10,0
0.04394268101265823,0.07695645253164557,10,0
0.04394268101265823,0.07935570886075949,10,0
0.04394268101265823,0.08175496518987342,10,0
0.04394268101265823,0.08415422151898734,10,0
0.04394268101265823,0.08655347784810126,10,0
0.04394268101265823,0.08895273417721519,10,0
0.04394268101265823,0.09135199050632911,10,0
0.04394268101265823,0.09375124683544303,10,0
0.04394268101265823,0.09615050316455696,10,0
0.04394268101265823,0.09854975949367088,10,0
0.04394268101265823,0.1009490158227848,10,0
0.04394268101265823,0.10334827215189873,10,0
0.04394268101265823,0.10574752848101265,10,0
0.04394268101265823,0.10814678481012657,10,0
0.04394268101265823,0.1105460411392405,10,0
0.04394268101265823,0.11294529746835442,10,0
0.04394268101265823,0.11534455379746834,10,0
0.04394268101265823,0.11774381012658228,10,0
0.04394268101265823,0.1201430664556962,10,0
0.04394268101265823,0.12254232278481013,10,0
0.04394268101265823,0.12494157911392405,10,0
0.045095515189873425,0.019374300632911397,10,0
0.045095515189873425,0.02177355696202532,10,0
0.045095515189873425,0.024172813291139246,10,0
0.045095515189873425,0.02657206962025317,10,0
0.045095515189873425,0.02897132594936709,10,0
0.045095515189873425,0.03137058227848102,10,0
0.045095515189873425,0.03376983860759494,10,0
0.045095515189873425,0.03616909493670886,10,0
0.045095515189873425,0.03856835126582279,10,0
0.045095515189873425,0.040967607594936714,10,0
0.045095515189873425,0.04336686392405063,10,0
0.045095515189873425,0.04576612025316456,10,0
0.045095515189873425,0.048165376582278485,10,0
0.045095515189873425,0.050564632911392404,10,0
0.045095515189873425,0.05296388924050633,10,0
0.045095515189873425,0.055363145569620256,10,0
0.045095515189873425,0.057762401898734175,10,0
0.045095515189873425,0.0601616582278481,10,0
0.045095515189873425,0.06256091455696203,10,0
0.045095515189873425,0.06496017088607595,10,0
0.045095515189873425,0.06735942721518988,10,0
0.045095515189873425,0.0697586835443038,10,0
0.045095515189873425,0.07215793987341772,10,0
0.045095515189873425,0.07455719620253165,10,0
0.045095515189873425,0.07695645253164557,10,0
0.045095515189873425,0.07935570886075949,10,0
0.045095515189873425,0.08175496518987342,10,0
0.045095515189873425,0.08415422151898734,10,0
0.045095515189873425,0.08655347784810126,10,0
0.045095515189873425,0.08895273417721519,10,0
0.045095515189873425,0.09135199050632911,10,0
0.045095515189873425,0.09375124683544303,10,0
0.045095515189873425,0.09615050316455696,10,0
0.045095515189873425,0.09854975949367088,10,0
0.045095515189873425,0.1009490158227848,10,0
0.045095515189873425,0.10334827215189873,10,0
0.045095515189873425,0.10574752848101265,10,0
0.045095515189873425,0.10814678481012657,10,0
0.045095515189873425,0.1105460411392405,10,0
0.045095515189873425,0.11294529746835442,10,0
0.045095515189873425,0.11534455379746834,10,0
0.045095515189873425,0.11774381012658228,10,0
0.045095515189873425,0.1201430664556962,10,0
0.045095515189873425,0.12254232278481013,10,0
0.045095515189873425,0.12494157911392405,10,0
0.04624834936708862,0.019374300632911397,10,0
0.04624834936708862,0.02177355696202532,10,0
0.04624834936708862,0.024172813291139246,10,0
0.04624834936708862,0.02657206962025317,10,0
0.04624834936708862,0.02897132594936709,10,0
0.04624834936708862,0.03137058227848102,10,0
0.04624834936708862,0.03376983860759494,10,0
0.04624834936708862,0.03616909493670886,10,0
0.04624834936708862,0.03856835126582279,10,0
0.04624834936708862,0.040967607594936714,10,0
0.04624834936708862,0.04336686392405063,10,0
0.04624834936708862,0.04576612025316456,10,0
0.04624834936708862,0.048165376582278485,10,0
0.04624834936708862,0.050564632911392404,10,0
0.04624834936708862,0.05296388924050633,10,0
0.04624834936708862,0.055363145569620256,10,0
0.04624834936708862,0.057762401898734175,10,0
0.04624834936708862,0.0601616582278481,10,0
0.04624834936708862,0.06256091455696203,10,0
0.04624834936708862,0.06496017088607595,10,0
0.04624834936708862,0.06735942721518988,10,0
0.04624834936708862,0.0697586835443038,10,0
0.04624834936708862,0.07215793987341772,10,0
0.04624834936708862,0.07455719620253165,10,0
0.04624834936708862,0.07695645253164557,10,0
0.04624834936708862,0.07935570886075949,10,0
0.04624834936708862,0.08175496518987342,10,0
0.04624834936708862,0.08415422151898734,10,0
0.04624834936708862,0.08655347784810126,10,0
0.04624834936708862,0.08895273417721519,10,0
0.04624834936708862,0.09135199050632911,10,0
0.04624834936708862,0.09375124683544303,10,0
0.04624834936708862,0.09615050316455696,10,0
0.04624834936708862,0.09854975949367088,10,0
0.04624834936708862,0.1009490158227848,10,0
0.04624834936708862,0.10334827215189873,10,0
0.04624834936708862,0.10574752848101265,10,0
0.04624834936708862,0.10814678481012657,10,0
0.04624834936708862,0.1105460411392405,10,0
0.04624834936708862,0.11294529746835442,10,0
0.04624834936708862,0.11534455379746834,10,0
0.04624834936708862,0.11774381012658228,10,0
0.04624834936708862,0.1201430664556962,10,0
0.04624834936708862,0.12254232278481013,10,0
0.04624834936708862,0.12494157911392405,10,0
0.0474011835443038,0.019374300632911397,10,0
0.0474011835443038,0.02177355696202532,10,0
0.0474011835443038,0.024172813291139246,10,0
0.0474011835443038,0.02657206962025317,10,0
0.0474011835443038,0.02897132594936709,10,0
0.0474011835443038,0.03137058227848102,10,0
0.0474011835443038,0.03376983860759494,10,0
0.0474011835443038,0.03616909493670886,10,0
0.0474011835443038,0.03856835126582279,10,0
0.0474011835443038,0.040967607594936714,10,0
0.0474011835443038,0.04336686392405063,10,0
0.0474011835443038,0.04576612025316456,10,0
0.0474011835443038,0.048165376582278485,10,0
0.0474011835443038,0.050564632911392404,10,0
0.0474011835443038,0.05296388924050633,10,0
0.0474011835443038,0.055363145569620256,10,0
0.0474011835443038,0.057762401898734175,10,0
0.0474011835443038,0.0601616582278481,10,0
0.0474011835443038,0.06256091455696203,10,0
0.0474011835443038,0.06496017088607595,10,0
0.0474011835443038,0.06735942721518988,10,0
0.0474011835443038,0.0697586835443038,10,0
0.0474011835443038,0.07215793987341772,10,0
0.0474011835443038,0.07455719620253165,10,0
0.0474011835443038,0.07695645253164557,10,0
0.0474011835443038,0.07935570886075949,10,0
0.0474011835443038,0.08175496518987342,10,0
0.0474011835443038,0.08415422151898734,10,0
0.0474011835443038,0.08655347784810126,10,0
0.0474011835443038,0.08895273417721519,10,0
0.0474011835443038,0.09135199050632911,10,0
0.0474011835443038,0.09375124683544303,10,0
0.0474011835443038,0.09615050316455696,10,0
0.0474011835443038,0.09854975949367088,10,0
0.0474011835443038,0.1009490158227848,10,0
0.0474011835443038,0.10334827215189873,10,0
0.0474011835443038,0.10574752848101265,10,0
0.0474011835443038,0.10814678481012657,10,0
0.0474011835443038,0.1105460411392405,10,0
0.0474011835443038,0.11294529746835442,10,0
0.0474011835443038,0.11534455379746834,10,0
0.0474011835443038,0.11774381012658228,10,0
0.0474011835443038,0.1201430664556962,10,0
0.0474011835443038,0.12254232278481013,10,0
0.0474011835443038,0.12494157911392405,10,0
0.048554017721518995,0.019374300632911397,10,0
0.048554017721518995,0.02177355696202532,10,0
0.048554017721518995,0.024172813291139246,10,0
0.048554017721518995,0.02657206962025317,10,0
0.048554017721518995,0.02897132594936709,10,0
0.048554017721518995,0.03137058227848102,10,0
0.048554017721518995,0.03376983860759494,10,0
0.048554017721518995,0.03616909493670886,10,0
0.048554017721518995,0.03856835126582279,10,0
0.048554017721518995,0.040967607594936714,10,0
0.048554017721518995,0.04336686392405063,10,0
0.048554017721518995,0.04576612025316456,10,0
0.048554017721518995,0.048165376582278485,10,0
0.048554017721518995,0.050564632911392404,10,0
0.048554017721518995,0.05296388924050633,10,0
0.048554017721518995,0.055363145569620256,10,0
0.048554017721518995,0.057762401898734175,10,0
0.048554017721518995,0.0601616582278481,10,0
0.048554017721518995,0.06256091455696203,10,0
0.048554017721518995,0.06496017088607595,10,0
0.048554017721518995,0.06735942721518988,10,0
0.048554017721518995,0.0697586835443038,10,0
0.048554017721518995,0.07215793987341772,10,0
0.048554017721518995,0.07455719620253165,10,0
0.048554017721518995,0.07695645253164557,10,0
0.048554017721518995,0.07935570886075949,10,0
0.048554017721518995,0.08175496518987342,10,0
0.048554017721518995,0.08415422151898734,10,0
0.048554017721518995,0.08655347784810126,10,0
0.048554017721518995,0.08895273417721519,10,0
0.048554017721518995,0.09135199050632911,10,0
0.048554017721518995,0.09375124683544303,10,0
0.048554017721518995,0.09615050316455696,10,0
0.048554017721518995,0.09854975949367088,10,0
0.048554017721518995,0.1009490158227848,10,0
0.048554017721518995,0.10334827215189873,10,0
0.048554017721518995,0.10574752848101265,10,0
0.048554017721518995,0.10814678481012657,10,0
0.048554017721518995,0.1105460411392405,10,0
0.048554017721518995,0.11294529746835442,10,0
0.048554017721518995,0.11534455379746834,10,0
0.048554017721518995,0.11774381012658228,10,0
0.048554017721518995,0.1201430664556962,10,0
0.048554017721518995,0.12254232278481013,10,0
0.048554017721518995,0.12494157911392405,10,0
0.04970685189873418,0.019374300632911397,10,0
0.04970685189873418,0.02177355696202532,10,0
0.04970685189873418,0.024172813291139246,10,0
0.04970685189873418,0.02657206962025317,10,0
0.04970685189873418,0.02897132594936709,10,0
0.04970685189873418,0.03137058227848102,10,0
0.04970685189873418,0.03376983860759494,10,0
0.04970685189873418,0.03616909493670886,10,0
0.04970685189873418,0.03856835126582279,10,0
0.04970685189873418,0.040967607594936714,10,0
0.04970685189873418,0.04336686392405063,10,0
0.04970685189873418,0.04576612025316456,10,0
0.04970685189873418,0.048165376582278485,10,0
0.04970685189873418,0.050564632911392404,10,0
0.04970685189873418,0.05296388924050633,10,0
0.04970685189873418,0.055363145569620256,10,0
0.04970685189873418,0.057762401898734175,10,0
0.04970685189873418,0.0601616582278481,10,0
0.04970685189873418,0.06256091455696203,10,0
0.04970685189873418,0.06496017088607595,10,0
0.04970685189873418,0.06735942721518988,10,0
0.04970685189873418,0.0697586835443038,10,0
0.04970685189873418,0.07215793987341772,10,0
0.04970685189873418,0.07455719620253165,10,0
0.04970685189873418,0.07695645253164557,10,0
0.04970685189873418,0.07935570886075949,10,0
0.04970685189873418,0.08175496518987342,10,0
0.04970685189873418,0.08415422151898734,10,0
0.04970685189873418,0.08655347784810126,10,0
0.04970685189873418,0.08895273417721519,10,0
0.04970685189873418,0.09135199050632911,10,0
0.04970685189873418,0.09375124683544303,10,0
0.04970685189873418,0.09615050316455696,10,0
0.04970685189873418,0.09854975949367088,10,0
0.04970685189873418,0.1009490158227848,10,0
0.04970685189873418,0.10334827215189873,10,0
0.04970685189873418,0.10574752848101265,10,0
0.04970685189873418,0.10814678481012657,10,0
0.04970685189873418,0.1105460411392405,10,0
0.04970685189873418,0.11294529746835442,10,0
0.04970685189873418,0.11534455379746834,10,0
0.04970685189873418,0.11774381012658228,10,0
0.04970685189873418,0.1201430664556962,10,0
0.04970685189873418,0.12254232278481013,10,0
0.04970685189873418,0.12494157911392405,10,0
0.04970685189873418,0.12734083544303798,10,0
0.04970685189873418,0.1297400917721519,10,0
0.04970685189873418,0.13213934810126582,10,0
0.04970685189873418,0.13453860443037974,10,0
0.04970685189873418,0.13693786075949366,10,0
0.04970685189873418,0.13933711708860758,10,0
0.04970685189873418,0.1417363734177215,10,0
0.04970685189873418,0.14413562974683541,10,0
0.04970685189873418,0.14653488607594933,10,0
0.04970685189873418,0.1489341424050633,10,0
0.04970685189873418,0.15133339873417723,10,0
0.04970685189873418,0.15373265506329115,10,0
0.04970685189873418,0.15613191139240506,10,0
0.04970685189873418,0.15853116772151898,10,0
0.04970685189873418,0.1609304240506329,10,0
0.04970685189873418,0.16332968037974682,10,0
0.04970685189873418,0.16572893670886074,10,0
0.04970685189873418,0.16812819303797466,10,0
0.04970685189873418,0.17052744936708858,10,0
0.04970685189873418,0.1729267056962025,10,0
0.04970685189873418,0.17532596202531647,10,0
0.04970685189873418,0.1777252183544304,10,0
0.04970685189873418,0.1801244746835443,10,0
0.04970685189873418,0.18252373101265823,10,0
0.04970685189873418,0.18492298734177215,10,0
0.04970685189873418,0.18732224367088607,10,0
0.04970685189873418,0.1897215,10,0
0.05085968607594937,0.019374300632911397,10,0
0.05085968607594937,0.02177355696202532,10,0
0.05085968607594937,0.024172813291139246,10,0
0.05085968607594937,0.02657206962025317,10,0
0.05085968607594937,0.02897132594936709,10,0
0.05085968607594937,0.03137058227848102,10,0
0.05085968607594937,0.03376983860759494,10,0
0.05085968607594937,0.03616909493670886,10,0
0.05085968607594937,0.03856835126582279,10,0
0.05085968607594937,0.040967607594936714,10,0
0.05085968607594937,0.04336686392405063,10,0
0.05085968607594937,0.04576612025316456,10,0
0.05085968607594937,0.048165376582278485,10,0
0.05085968607594937,0.050564632911392404,10,0
0.05085968607594937,0.05296388924050633,10,0
0.05085968607594937,0.055363145569620256,10,0
0.05085968607594937,0.057762401898734175,10,0
0.05085968607594937,0.0601616582278481,10,0
0.05085968607594937,0.06256091455696203,10,0
0.05085968607594937,0.06496017088607595,10,0
0.05085968607594937,0.06735942721518988,10,0
0.05085968607594937,0.0697586835443038,10,0
0.05085968607594937,0.07215793987341772,10,0
0.05085968607594937,0.07455719620253165,10,0
0.05085968607594937,0.07695645253164557,10,0
0.05085968607594937,0.07935570886075949,10,0
0.05085968607594937,0.08175496518987342,10,0
0.05085968607594937,0.08415422151898734,10,0
0.05085968607594937,0.08655347784810126,10,0
0.05085968607594937,0.08895273417721519,10,0
0.05085968607594937,0.09135199050632911,10,0
0.05085968607594937,0.09375124683544303,10,0
0.05085968607594937,0.09615050316455696,10,0
0.05085968607594937,0.09854975949367088,10,0
0.05085968607594937,0.1009490158227848,10,0
0.05085968607594937,0.10334827215189873,10,0
0.05085968607594937,0.10574752848101265,10,0
0.05085968607594937,0.10814678481012657,10,0
0.05085968607594937,0.1105460411392405,10,0
0.05085968607594937,0.11294529746835442,10,0
0.05085968607594937,0.11534455379746834,10,0
0.05085968607594937,0.11774381012658228,10,0
0.05085968607594937,0.1201430664556962,10,0
0.05085968607594937,0.12254232278481013,10,0
0.05085968607594937,0.12494157911392405,10,0
0.05085968607594937,0.12734083544303798,10,0
0.05085968607594937,0.1297400917721519,10,0
0.05085968607594937,0.13213934810126582,10,0
0.05085968607594937,0.13453860443037974,10,0
0.05085968607594937,0.13693786075949366,10,0
0.05085968607594937,0.13933711708860758,10,0
0.05085968607594937,0.1417363734177215,10,0
0.05085968607594937,0.14413562974683541,10,0
0.05085968607594937,0.14653488607594933,10,0
0.05085968607594937,0.1489341424050633,10,0
0.05085968607594937,0.15133339873417723,10,0
0.05085968607594937,0.15373265506329115,10,0
0.05085968607594937,0.15613191139240506,10,0
0.05085968607594937,0.15853116772151898,10,0
0.05085968607594937,0.1609304240506329,10,0
0.05085968607594937,0.16332968037974682,10,0
0.05085968607594937,0.16572893670886074,10,0
0.05085968607594937,0.16812819303797466,10,0
0.05085968607594937,0.17052744936708858,10,0
0.05085968607594937,0.1729267056962025,10,0
0.05085968607594937,0.17532596202531647,10,0
0.05085968607594937,0.1777252183544304,10,0
0.05085968607594937,0.1801244746835443,10,0
0.05085968607594937,0.18252373101265823,10,0
0.05085968607594937,0.18492298734177215,10,0
0.05085968607594937,0.18732224367088607,10,0
0.05085968607594937,0.1897215,10,0
0.052012520253164565,0.019374300632911397,10,0
0.052012520253164565,0.02177355696202532,10,0
0.052012520253164565,0.024172813291139246,10,0
0.052012520253164565,0.02657206962025317,10,0
0.052012520253164565,0.02897132594936709,10,0
0.052012520253164565,0.03137058227848102,10,0
0.052012520253164565,0.03376983860759494,10,0
0.052012520253164565,0.03616909493670886,10,0
0.052012520253164565,0.03856835126582279,10,0
0.052012520253164565,0.040967607594936714,10,0
0.052012520253164565,0.04336686392405063,10,0
0.052012520253164565,0.04576612025316456,10,0
0.052012520253164565,0.048165376582278485,10,0
0.052012520253164565,0.050564632911392404,10,0
0.052012520253164565,0.05296388924050633,10,0
0.052012520253164565,0.055363145569620256,10,0
0.052012520253164565,0.057762401898734175,10,0
0.052012520253164565,0.0601616582278481,10,0
0.052012520253164565,0.06256091455696203,10,0
0.052012520253164565,0.06496017088607595,10,0
0.052012520253164565,0.06735942721518988,10,0
0.052012520253164565,0.0697586835443038,10,0
0.052012520253164565,0.07215793987341772,10,0
0.052012520253164565,0.07455719620253165,10,0
0.052012520253164565,0.07695645253164557,10,0
0.052012520253164565,0.07935570886075949,10,0
0.052012520253164565,0.08175496518987342,10,0
0.052012520253164565,0.08415422151898734,10,0
0.052012520253164565,0.08655347784810126,10,0
0.052012520253164565,0.08895273417721519,10,0
0.052012520253164565,0.09135199050632911,10,0
0.052012520253164565,0.09375124683544303,10,0
0.052012520253164565,0.09615050316455696,10,0
0.052012520253164565,0.09854975949367088,10,0
0.052012520253164565,0.1009490158227848,10,0
0.052012520253164565,0.10334827215189873,10,0
0.052012520253164565,0.10574752848101265,10,0
0.052012520253164565,0.10814678481012657,10,0
0.052012520253164565,0.1105460411392405,10,0
0.052012520253164565,0.11294529746835442,10,0
0.052012520253164565,0.11534455379746834,10,0
0.052012520253164565,0.11774381012658228,10,0
0.052012520253164565,0.1201430664556962,10,0
0.052012520253164565,0.12254232278481013,10,0
0.052012520253164565,0.12494157911392405,10,0
0.052012520253164565,0.12734083544303798,10,0
0.052012520253164565,0.1297400917721519,10,0
0.052012520253164565,0.13213934810126582,10,0
0.052012520253164565,0.13453860443037974,10,0
0.052012520253164565,0.13693786075949366,10,0
0.052012520253164565,0.13933711708860758,10,0
0.052012520253164565,0.1417363734177215,10,0
0.052012520253164565,0.14413562974683541,10,0
0.052012520253164565,0.14653488607594933,10,0
0.052012520253164565,0.1489341424050633,10,0
0.052012520253164565,0.15133339873417723,10,0
0.052012520253164565,0.15373265506329115,10,0
0.052012520253164565,0.15613191139240506,10,0
0.052012520253164565,0.15853116772151898,10,0
0.052012520253164565,0.1609304240506329,10,0
0.052012520253164565,0.16332968037974682,10,0
0.052012520253164565,0.16572893670886074,10,0
0.052012520253164565,0.16812819303797466,10,0
0.052012520253164565,0.17052744936708858,10,0
0.052012520253164565,0.1729267056962025,10,0
0.052012520253164565,0.17532596202531647,10,0
0.052012520253164565,0.1777252183544304,10,0
0.052012520253164565,0.1801244746835443,10,0
0.052012520253164565,0.18252373101265823,10,0
0.052012520253164565,0.18492298734177215,10,0
0.052012520253164565,0.18732224367088607,10,0
0.052012520253164565,0.1897215,10,0
0.05316535443037975,0.019374300632911397,10,0
0.05316535443037975,0.02177355696202532,10,0
0.05316535443037975,0.024172813291139246,10,0
0.05316535443037975,0.02657206962025317,10,0
0.05316535443037975,0.02897132594936709,10,0
0.05316535443037975,0.03137058227848102,10,0
0.05316535443037975,0.03376983860759494,10,0
0.05316535443037975,0.03616909493670886,10,0
0.05316535443037975,0.03856835126582279,10,0
0.05316535443037975,0.040967607594936714,10,0
0.05316535443037975,0.04336686392405063,10,0
0.05316535443037975,0.04576612025316456,10,0
0.05316535443037975,0.048165376582278485,10,0
0.05316535443037975,0.050564632911392404,10,0
0.05316535443037975,0.05296388924050633,10,0
0.05316535443037975,0.055363145569620256,10,0
0.05316535443037975,0.057762401898734175,10,0
0.05316535443037975,0.0601616582278481,10,0
0.05316535443037975,0.06256091455696203,10,0
0.05316535443037975,0.06496017088607595,10,0
0.05316535443037975,0.06735942721518988,10,0
0.05316535443037975,0.0697586835443038,10,0
0.05316535443037975,0.07215793987341772,10,0
0.05316535443037975,0.07455719620253165,10,0
0.05316535443037975,0.07695645253164557,10,0
0.05316535443037975,0.07935570886075949,10,0
0.05316535443037975,0.08175496518987342,10,0
0.05316535443037975,0.08415422151898734,10,0
0.05316535443037975,0.08655347784810126,10,0
0.05316535443037975,0.08895273417721519,10,0
0.05316535443037975,0.09135199050632911,10,0
0.05316535443037975,0.09375124683544303,10,0
0.05316535443037975,0.09615050316455696,10,0
0.05316535443037975,0.09854975949367088,10,0
0.05316535443037975,0.1009490158227848,10,0
0.05316535443037975,0.10334827215189873,10,0
0.05316535443037975,0.10574752848101265,10,0
0.05316535443037975,0.10814678481012657,10,0
0.05316535443037975,0.1105460411392405,10,0
0.05316535443037975,0.11294529746835442,10,0
0.05316535443037975,0.11534455379746834,10,0
0.05316535443037975,0.11774381012658228,10,0
0.05316535443037975,0.1201430664556962,10,0
0.05316535443037975,0.12254232278481013,10,0
0.05316535443037975,0.12494157911392405,10,0
0.05316535443037975,0.12734083544303798,10,0
0.05316535443037975,0.1297400917721519,10,0
0.05316535443037975,0.13213934810126582,10,0
0.05316535443037975,0.13453860443037974,10,0
0.05316535443037975,0.13693786075949366,10,0
0.05316535443037975,0.13933711708860758,10,0
0.05316535443037975,0.1417363734177215,10,0
0.05316535443037975,0.14413562974683541,10,0
0.05316535443037975,0.14653488607594933,10,0
0.05316535443037975,0.1489341424050633,10,0
0.05316535443037975,0.15133339873417723,10,0
0.05316535443037975,0.15373265506329115,10,0
0.05316535443037975,0.15613191139240506,10,0
0.05316535443037975,0.15853116772151898,10,0
0.05316535443037975,0.1609304240506329,10,0
0.05316535443037975,0.16332968037974682,10,0
0.05316535443037975,0.16572893670886074,10,0
0.05316535443037975,0.16812819303797466,10,0
0.05316535443037975,0.17052744936708858,10,0
0.05316535443037975,0.1729267056962025,10,0
0.05316535443037975,0.17532596202531647,10,0
0.05316535443037975,0.1777252183544304,10,0
0.05316535443037975,0.1801244746835443,10,0
0.05316535443037975,0.18252373101265823,10,0
0.05316535443037975,0.18492298734177215,10,0
0.05316535443037975,0.18732224367088607,10,0
0.05316535443037975,0.1897215,10,0
0.054318188607594936,0.019374300632911397,10,0
0.054318188607594936,0.02177355696202532,10,0
0.054318188607594936,0.024172813291139246,10,0
0.054318188607594936,0.02657206962025317,10,0
0.054318188607594936,0.02897132594936709,10,0
0.054318188607594936,0.03137058227848102,10,0
0.054318188607594936,0.03376983860759494,10,0
0.054318188607594936,0.03616909493670886,10,0
0.054318188607594936,0.03856835126582279,10,0
0.054318188607594936,0.040967607594936714,10,0
0.054318188607594936,0.04336686392405063,10,0
0.054318188607594936,0.04576612025316456,10,0
0.054318188607594936,0.048165376582278485,10,0
0.054318188607594936,0.050564632911392404,10,0
0.054318188607594936,0.05296388924050633,10,0
0.054318188607594936,0.055363145569620256,10,0
0.054318188607594936,0.057762401898734175,10,0
0.054318188607594936,0.0601616582278481,10,0
0.054318188607594936,0.06256091455696203,10,0
0.054318188607594936,0.06496017088607595,10,0
0.054318188607594936,0.06735942721518988,10,0
0.054318188607594936,0.0697586835443038,10,0
0.054318188607594936,0.07215793987341772,10,0
0.054318188607594936,0.07455719620253165,10,0
0.054318188607594936,0.07695645253164557,10,0
0.054318188607594936,0.07935570886075949,10,0
0.054318188607594936,0.08175496518987342,10,0
0.054318188607594936,0.08415422151898734,10,0
0.054318188607594936,0.08655347784810126,10,0
0.054318188607594936,0.08895273417721519,10,0
0.054318188607594936,0.09135199050632911,10,0
0.054318188607594936,0.09375124683544303,10,0
0.054318188607594936,0.09615050316455696,10,0
0.054318188607594936,0.09854975949367088,10,0
0.054318188607594936,0.1009490158227848,10,0
0.054318188607594936,0.10334827215189873,10,0
0.054318188607594936,0.10574752848101265,10,0
0.054318188607594936,0.10814678481012657,10,0
0.054318188607594936,0.1105460411392405,10,0
0.054318188607594936,0.11294529746835442,10,0
0.054318188607594936,0.11534455379746834,10,0
0.054318188607594936,0.11774381012658228,10,0
0.054318188607594936,0.1201430664556962,10,0
0.054318188607594936,0.12254232278481013,10,0
0.054318188607594936,0.12494157911392405,10,0
0.054318188607594936,0.12734083544303798,10,0
0.054318188607594936,0.1297400917721519,10,0
0.054318188607594936,0.13213934810126582,10,0
0.054318188607594936,0.13453860443037974,10,0
0.054318188607594936,0.13693786075949366,10,0
0.054318188607594936,0.13933711708860758,10,0
0.054318188607594936,0.1417363734177215,10,0
0.054318188607594936,0.14413562974683541,10,0
0.054318188607594936,0.14653488607594933,10,0
0.054318188607594936,0.1489341424050633,10,0
0.054318188607594936,0.15133339873417723,10,0
0.054318188607594936,0.15373265506329115,10,0
0.054318188607594936,0.15613191139240506,10,0
0.054318188607594936,0.15853116772151898,10,0
0.054318188607594936,0.1609304240506329,10,0
0.054318188607594936,0.16332968037974682,10,0
0.054318188607594936,0.16572893670886074,10,0
0.054318188607594936,0.16812819303797466,10,0
0.054318188607594936,0.17052744936708858,10,0
0.054318188607594936,0.1729267056962025,10,0
0.054318188607594936,0.17532596202531647,10,0
0.054318188607594936,0.1777252183544304,10,0
0.054318188607594936,0.1801244746835443,10,0
0.054318188607594936,0.18252373101265823,10,0
0.054318188607594936,0.18492298734177215,10,0
0.054318188607594936,0.18732224367088607,10,0
0.054318188607594936,0.1897215,10,0
0.05547102278481013,0.019374300632911397,10,0
0.05547102278481013,0.02177355696202532,10,0
0.05547102278481013,0.024172813291139246,10,0
0.05547102278481013,0.02657206962025317,10,0
0.05547102278481013,0.02897132594936709,10,0
0.05547102278481013,0.03137058227848102,10,0
0.05547102278481013,0.03376983860759494,10,0
0.05547102278481013,0.03616909493670886,10,0
0.05547102278481013,0.03856835126582279,10,0
0.05547102278481013,0.040967607594936714,10,0
0.05547102278481013,0.04336686392405063,10,0
0.05547102278481013,0.04576612025316456,10,0
0.05547102278481013,0.048165376582278485,10,0
0.05547102278481013,0.050564632911392404,10,0
0.05547102278481013,0.05296388924050633,10,0
0.05547102278481013,0.055363145569620256,10,0
0.05547102278481013,0.057762401898734175,10,0
0.05547102278481013,0.0601616582278481,10,0
0.05547102278481013,0.06256091455696203,10,0
0.05547102278481013,0.06496017088607595,10,0
0.05547102278481013,0.06735942721518988,10,0
0.05547102278481013,0.0697586835443038,10,0
0.05547102278481013,0.07215793987341772,10,0
0.05547102278481013,0.07455719620253165,10,0
0.05547102278481013,0.07695645253164557,10,0
0.05547102278481013,0.07935570886075949,10,0
0.05547102278481013,0.08175496518987342,10,0
0.05547102278481013,0.08415422151898734,10,0
0.05547102278481013,0.08655347784810126,10,0
0.05547102278481013,0.08895273417721519,10,0
0.05547102278481013,0.09135199050632911,10,0
0.05547102278481013,0.09375124683544303,10,0
0.05547102278481013,0.09615050316455696,10,0
0.05547102278481013,0.09854975949367088,10,0
0.05547102278481013,0.1009490158227848,10,0
0.05547102278481013,0.10334827215189873,10,0
0.05547102278481013,0.10574752848101265,10,0
0.05547102278481013,0.10814678481012657,10,0
0.05547102278481013,0.1105460411392405,10,0
0.05547102278481013,0.11294529746835442,10,0
0.05547102278481013,0.11534455379746834,10,0
0.05547102278481013,0.11774381012658228,10,0
0.05547102278481013,0.1201430664556962,10,0
0.05547102278481013,0.12254232278481013,10,0
0.05547102278481013,0.12494157911392405,10,0
0.05547102278481013,0.12734083544303798,10,0
0.05547102278481013,0.1297400917721519,10,0
0.05547102278481013,0.13213934810126582,10,0
0.05547102278481013,0.13453860443037974,10,0
0.05547102278481013,0.13693786075949366,10,0
0.05547102278481013,0.13933711708860758,10,0
0.05547102278481013,0.1417363734177215,10,0
0.05547102278481013,0.14413562974683541,10,0
0.05547102278481013,0.14653488607594933,10,0
0.05547102278481013,0.1489341424050633,10,0
0.05547102278481013,0.15133339873417723,10,0
0.05547102278481013,0.15373265506329115,10,0
0.05547102278481013,0.15613191139240506,10,0
0.05547102278481013,0.15853116772151898,10,0
0.05547102278481013,0.1609304240506329,10,0
0.05547102278481013,0.16332968037974682,10,0
0.05547102278481013,0.16572893670886074,10,0
0.05547102278481013,0.16812819303797466,10,0
0.05547102278481013,0.17052744936708858,10,0
0.05547102278481013,0.1729267056962025,10,0
0.05547102278481013,0.17532596202531647,10,0
0.05547102278481013,0.1777252183544304,10,0
0.05547102278481013,0.1801244746835443,10,0
0.05547102278481013,0.18252373101265823,10,0
0.05547102278481013,0.18492298734177215,10,0
0.05547102278481013,0.18732224367088607,10,0
0.05547102278481013,0.1897215,10,0
0.05662385696202532,0.019374300632911397,10,0
0.05662385696202532,0.02177355696202532,10,0
0.05662385696202532,0.024172813291139246,10,0
0.05662385696202532,0.02657206962025317,10,0
0.05662385696202532,0.02897132594936709,10,0
0.05662385696202532,0.03137058227848102,10,0
0.05662385696202532,0.03376983860759494,10,0
0.05662385696202532,0.03616909493670886,10,0
0.05662385696202532,0.03856835126582279,10,0
0.05662385696202532,0.040967607594936714,10,0
0.05662385696202532,0.04336686392405063,10,0
0.05662385696202532,0.04576612025316456,10,0
0.05662385696202532,0.048165376582278485,10,0
0.05662385696202532,0.050564632911392404,10,0
0.05662385696202532,0.05296388924050633,10,0
0.05662385696202532,0.055363145569620256,10,0
0.05662385696202532,0.057762401898734175,10,0
0.05662385696202532,0.0601616582278481,10,0
0.05662385696202532,0.06256091455696203,10,0
0.05662385696202532,0.06496017088607595,10,0
0.05662385696202532,0.06735942721518988,10,0
0.05662385696202532,0.0697586835443038,10,0
0.05662385696202532,0.07215793987341772,10,0
0.05662385696202532,0.07455719620253165,10,0
0.05662385696202532,0.07695645253164557,10,0
0.05662385696202532,0.07935570886075949,10,0
0.05662385696202532,0.08175496518987342,10,0
0.05662385696202532,0.08415422151898734,10,0
0.05662385696202532,0.08655347784810126,10,0
0.05662385696202532,0.08895273417721519,10,0
0.05662385696202532,0.09135199050632911,10,0
0.05662385696202532,0.09375124683544303,10,0
0.05662385696202532,0.09615050316455696,10,0
0.05662385696202532,0.09854975949367088,10,0
0.05662385696202532,0.1009490158227848,10,0
0.05662385696202532,0.10334827215189873,10,0
0.05662385696202532,0.10574752848101265,10,0
0.05662385696202532,0.10814678481012657,10,0
0.05662385696202532,0.1105460411392405,10,0
0.05662385696202532,0.11294529746835442,10,0
0.05662385696202532,0.11534455379746834,10,0
0.05662385696202532,0.11774381012658228,10,0
0.05662385696202532,0.1201430664556962,10,0
0.05662385696202532,0.12254232278481013,10,0
0.05662385696202532,0.12494157911392405,10,0
0.05662385696202532,0.12734083544303798,10,0
0.05662385696202532,0.1297400917721519,10,0
0.05662385696202532,0.13213934810126582,10,0
0.05662385696202532,0.13453860443037974,10,0
0.05662385696202532,0.13693786075949366,10,0
0.05662385696202532,0.13933711708860758,10,0
0.05662385696202532,0.1417363734177215,10,0
0.05662385696202532,0.14413562974683541,10,0
0.05662385696202532,0.14653488607594933,10,0
0.05662385696202532,0.1489341424050633,10,0
0.05662385696202532,0.15133339873417723,10,0
0.05662385696202532,0.15373265506329115,10,0
0.05662385696202532,0.15613191139240506,10,0
0.05662385696202532,0.15853116772151898,10,0
0.05662385696202532,0.1609304240506329,10,0
0.05662385696202532,0.16332968037974682,10,0
0.05662385696202532,0.16572893670886074,10,0
0.05662385696202532,0.16812819303797466,10,0
0.05662385696202532,0.17052744936708858,10,0
0.05662385696202532,0.1729267056962025,10,0
0.05662385696202532,0.17532596202531647,10,0
0.05662385696202532,0.1777252183544304,10,0
0.05662385696202532,0.1801244746835443,10,0
0.05662385696202532,0.18252373101265823,10,0
0.05662385696202532,0.18492298734177215,10,0
0.05662385696202532,0.18732224367088607,10,0
0.05662385696202532,0.1897215,10,0
0.057776691139240506,0.019374300632911397,10,0
0.057776691139240506,0.02177355696202532,10,0
0.057776691139240506,0.024172813291139246,10,0
0.057776691139240506,0.02657206962025317,10,0
0.057776691139240506,0.02897132594936709,10,0
0.057776691139240506,0.03137058227848102,10,0
0.057776691139240506,0.03376983860759494,10,0
0.057776691139240506,0.03616909493670886,10,0
0.057776691139240506,0.03856835126582279,10,0
0.057776691139240506,0.040967607594936714,10,0
0.057776691139240506,0.04336686392405063,10,0
0.057776691139240506,0.04576612025316456,10,0
0.057776691139240506,0.048165376582278485,10,0
0.057776691139240506,0.050564632911392404,10,0
0.057776691139240506,0.05296388924050633,10,0
0.057776691139240506,0.055363145569620256,10,0
0.057776691139240506,0.057762401898734175,10,0
0.057776691139240506,0.0601616582278481,10,0
0.057776691139240506,0.06256091455696203,10,0
0.057776691139240506,0.06496017088607595,10,0
0.057776691139240506,0.06735942721518988,10,0
0.057776691139240506,0.0697586835443038,10,0
0.057776691139240506,0.07215793987341772,10,0
0.057776691139240506,0.07455719620253165,10,0
0.057776691139240506,0.07695645253164557,10,0
0.057776691139240506,0.07935570886075949,10,0
0.057776691139240506,0.08175496518987342,10,0
0.057776691139240506,0.08415422151898734,10,0
0.057776691139240506,0.08655347784810126,10,0
0.057776691139240506,0.08895273417721519,10,0
0.057776691139240506,0.09135199050632911,10,0
0.057776691139240506,0.09375124683544303,10,0
0.057776691139240506,0.09615050316455696,10,0
0.057776691139240506,0.09854975949367088,10,0
0.057776691139240506,0.1009490158227848,10,0
0.057776691139240506,0.10334827215189873,10,0
0.057776691139240506,0.10574752848101265,10,0
0.057776691139240506,0.10814678481012657,10,0
0.057776691139240506,0.1105460411392405,10,0
0.057776691139240506,0.11294529746835442,10,0
0.057776691139240506,0.11534455379746834,10,0
0.057776691139240506,0.11774381012658228,10,0
0.057776691139240506,0.1201430664556962,10,0
0.057776691139240506,0.12254232278481013,10,0
0.057776691139240506,0.12494157911392405,10,0
0.057776691139240506,0.12734083544303798,10,0
0.057776691139240506,0.1297400917721519,10,0
0.057776691139240506,0.13213934810126582,10,0
0.057776691139240506,0.13453860443037974,10,0
0.057776691139240506,0.13693786075949366,10,0
0.057776691139240506,0.13933711708860758,10,0
0.057776691139240506,0.1417363734177215,10,0
0.057776691139240506,0.14413562974683541,10,0
0.057776691139240506,0.14653488607594933,10,0
0.057776691139240506,0.1489341424050633,10,0
0.057776691139240506,0.15133339873417723,10,0
0.057776691139240506,0.15373265506329115,10,0
0.057776691139240506,0.15613191139240506,10,0
0.057776691139240506,0.15853116772151898,10,0
0.057776691139240506,0.1609304240506329,10,0
0.057776691139240506,0.16332968037974682,10,0
0.057776691139240506,0.16572893670886074,10,0
0.057776691139240506,0.16812819303797466,10,0
0.057776691139240506,0.17052744936708858,10,0
0.057776691139240506,0.1729267056962025,10,0
0.057776691139240506,0.17532596202531647,10,0
0.057776691139240506,0.1777252183544304,10,0
0.057776691139240506,0.1801244746835443,10,0
0.057776691139240506,0.18252373101265823,10,0
0.057776691139240506,0.18492298734177215,10,0
0.057776691139240506,0.18732224367088607,10,0
0.057776691139240506,0.1897215,10,0
0.0589295253164557,0.019374300632911397,10,0
0.0589295253164557,0.02177355696202532,10,0
0.0589295253164557,0.024172813291139246,10,0
0.0589295253164557,0.02657206962025317,10,0
0.0589295253164557,0.02897132594936709,10,0
0.0589295253164557,0.03137058227848102,10,0
0.0589295253164557,0.03376983860759494,10,0
0.0589295253164557,0.03616909493670886,10,0
0.0589295253164557,0.03856835126582279,10,0
0.0589295253164557,0.040967607594936714,10,0
0.0589295253164557,0.04336686392405063,10,0
0.0589295253164557,0.04576612025316456,10,0
0.0589295253164557,0.048165376582278485,10,0
0.0589295253164557,0.050564632911392404,10,0
0.0589295253164557,0.05296388924050633,10,0
0.0589295253164557,0.055363145569620256,10,0
0.0589295253164557,0.057762401898734175,10,0
0.0589295253164557,0.0601616582278481,10,0
0.0589295253164557,0.06256091455696203,10,0
0.0589295253164557,0.06496017088607595,10,0
0.0589295253164557,0.06735942721518988,10,0
0.0589295253164557,0.0697586835443038,10,0
0.0589295253164557,0.07215793987341772,10,0
0.0589295253164557,0.07455719620253165,10,0
0.0589295253164557,0.07695645253164557,10,0
0.0589295253164557,0.07935570886075949,10,0
0.0589295253164557,0.08175496518987342,10,0
0.0589295253164557,0.08415422151898734,10,0
0.0589295253164557,0.08655347784810126,10,0
0.0589295253164557,0.08895273417721519,10,0
0.0589295253164557,0.09135199050632911,10,0
0.0589295253164557,0.09375124683544303,10,0
0.0589295253164557,0.09615050316455696,10,0
0.0589295253164557,0.09854975949367088,10,0
0.0589295253164557,0.1009490158227848,10,0
0.0589295253164557,0.10334827215189873,10,0
0.0589295253164557,0.10574752848101265,10,0
0.0589295253164557,0.10814678481012657,10,0
0.0589295253164557,0.1105460411392405,10,0
0.0589295253164557,0.11294529746835442,10,0
0.0589295253164557,0.11534455379746834,10,0
0.0589295253164557,0.11774381012658228,10,0
0.0589295253164557,0.1201430664556962,10,0
0.0589295253164557,0.12254232278481013,10,0
0.0589295253164557,0.12494157911392405,10,0
0.0589295253164557,0.12734083544303798,10,0
0.0589295253164557,0.1297400917721519,10,0
0.0589295253164557,0.13213934810126582,10,0
0.0589295253164557,0.13453860443037974,10,0
0.0589295253164557,0.13693786075949366,10,0
0.0589295253164557,0.13933711708860758,10,0
0.0589295253164557,0.1417363734177215,10,0
0.0589295253164557,0.14413562974683541,10,0
0.0589295253164557,0.14653488607594933,10,0
0.0589295253164557,0.1489341424050633,10,0
0.0589295253164557,0.15133339873417723,10,0
0.0589295253164557,0.15373265506329115,10,0
0.0589295253164557,0.15613191139240506,10,0
0.0589295253164557,0.15853116772151898,10,0
0.0589295253164557,0.1609304240506329,10,0
0.0589295253164557,0.16332968037974682,10,0
0.0589295253164557,0.16572893670886074,10,0
0.0589295253164557,0.16812819303797466,10,0
0.0589295253164557,0.17052744936708858,10,0
0.0589295253164557,0.1729267056962025,10,0
0.0589295253164557,0.17532596202531647,10,0
0.0589295253164557,0.1777252183544304,10,0
0.0589295253164557,0.1801244746835443,10,0
0.0589295253164557,0.18252373101265823,10,0
0.0589295253164557,0.18492298734177215,10,0
0.0589295253164557,0.18732224367088607,10,0
0.0589295253164557,0.1897215,10,0
0.060082359493670884,0.019374300632911397,10,0
0.060082359493670884,0.02177355696202532,10,0
0.060082359493670884,0.024172813291139246,10,0
0.060082359493670884,0.02657206962025317,10,0
0.060082359493670884,0.02897132594936709,10,0
0.060082359493670884,0.03137058227848102,10,0
0.060082359493670884,0.03376983860759494,10,0
0.060082359493670884,0.03616909493670886,10,0
0.060082359493670884,0.03856835126582279,10,0
0.060082359493670884,0.040967607594936714,10,0
0.060082359493670884,0.04336686392405063,10,0
0.060082359493670884,0.04576612025316456,10,0
0.060082359493670884,0.048165376582278485,10,0
0.060082359493670884,0.050564632911392404,10,0
0.060082359493670884,0.05296388924050633,10,0
0.060082359493670884,0.055363145569620256,10,0
0.060082359493670884,0.057762401898734175,10,0
0.060082359493670884,0.0601616582278481,10,0
0.060082359493670884,0.06256091455696203,10,0
0.060082359493670884,0.06496017088607595,10,0
0.060082359493670884,0.06735942721518988,10,0
0.060082359493670884,0.0697586835443038,10,0
0.060082359493670884,0.07215793987341772,10,0
0.060082359493670884,0.07455719620253165,10,0
0.060082359493670884,0.07695645253164557,10,0
0.060082359493670884,0.07935570886075949,10,0
0.060082359493670884,0.08175496518987342,10,0
0.060082359493670884,0.08415422151898734,10,0
0.060082359493670884,0.08655347784810126,10,0
0.060082359493670884,0.08895273417721519,10,0
0.060082359493670884,0.09135199050632911,10,0
0.060082359493670884,0.09375124683544303,10,0
0.060082359493670884,0.09615050316455696,10,0
0.060082359493670884,0.09854975949367088,10,0
0.060082359493670884,0.1009490158227848,10,0
0.060082359493670884,0.10334827215189873,10,0
0.060082359493670884,0.10574752848101265,10,0
0.060082359493670884,0.10814678481012657,10,0
0.060082359493670884,0.1105460411392405,10,0
0.060082359493670884,0.11294529746835442,10,0
0.060082359493670884,0.11534455379746834,10,0
0.060082359493670884,0.11774381012658228,10,0
0.060082359493670884,0.1201430664556962,10,0
0.060082359493670884,0.12254232278481013,10,0
0.060082359493670884,0.12494157911392405,10,0
0.060082359493670884,0.12734083544303798,10,0
0.060082359493670884,0.1297400917721519,10,0
0.060082359493670884,0.13213934810126582,10,0
0.060082359493670884,0.13453860443037974,10,0
0.060082359493670884,0.13693786075949366,10,0
0.060082359493670884,0.13933711708860758,10,0
0.060082359493670884,0.1417363734177215,10,0
0.060082359493670884,0.14413562974683541,10,0
0.060082359493670884,0.14653488607594933,10,0
0.060082359493670884,0.1489341424050633,10,0
0.060082359493670884,0.15133339873417723,10,0
0.060082359493670884,0.15373265506329115,10,0
0.060082359493670884,0.15613191139240506,10,0
0.060082359493670884,0.15853116772151898,10,0
0.060082359493670884,0.1609304240506329,10,0
0.060082359493670884,0.16332968037974682,10,0
0.060082359493670884,0.16572893670886074,10,0
0.060082359493670884,0.16812819303797466,10,0
0.060082359493670884,0.17052744936708858,10,0
0.060082359493670884,0.1729267056962025,10,0
0.060082359493670884,0.17532596202531647,10,0
0.060082359493670884,0.1777252183544304,10,0
0.060082359493670884,0.1801244746835443,10,0
0.060082359493670884,0.18252373101265823,10,0
0.060082359493670884,0.18492298734177215,10,0
0.060082359493670884,0.18732224367088607,10,0
0.060082359493670884,0.1897215,10,0
0.061235193670886076,0.019374300632911397,10,0
0.061235193670886076,0.02177355696202532,10,0
0.061235193670886076,0.024172813291139246,10,0
0.061235193670886076,0.02657206962025317,10,0
0.061235193670886076,0.02897132594936709,10,0
0.061235193670886076,0.03137058227848102,10,0
0.061235193670886076,0.03376983860759494,10,0
0.061235193670886076,0.03616909493670886,10,0
0.061235193670886076,0.03856835126582279,10,0
0.061235193670886076,0.040967607594936714,10,0
0.061235193670886076,0.04336686392405063,10,0
0.061235193670886076,0.04576612025316456,10,0
0.061235193670886076,0.048165376582278485,10,0
0.061235193670886076,0.050564632911392404,10,0
0.061235193670886076,0.05296388924050633,10,0
0.061235193670886076,0.055363145569620256,10,0
0.061235193670886076,0.057762401898734175,10,0
0.061235193670886076,0.0601616582278481,10,0
0.061235193670886076,0.06256091455696203,10,0
0.061235193670886076,0.06496017088607595,10,0
0.061235193670886076,0.06735942721518988,10,0
0.061235193670886076,0.0697586835443038,10,0
0.061235193670886076,0.07215793987341772,10,0
0.061235193670886076,0.07455719620253165,10,0
0.061235193670886076,0.07695645253164557,10,0
0.061235193670886076,0.07935570886075949,10,0
0.061235193670886076,0.08175496518987342,10,0
0.061235193670886076,0.08415422151898734,10,0
0.061235193670886076,0.08655347784810126,10,0
0.061235193670886076,0.08895273417721519,10,0
0.061235193670886076,0.09135199050632911,10,0
0.061235193670886076,0.09375124683544303,10,0
0.061235193670886076,0.09615050316455696,10,0
0.061235193670886076,0.09854975949367088,10,0
0.061235193670886076,0.1009490158227848,10,0
0.061235193670886076,0.10334827215189873,10,0
0.061235193670886076,0.10574752848101265,10,0
0.061235193670886076,0.10814678481012657,10,0
0.061235193670886076,0.1105460411392405,10,0
0.061235193670886076,0.11294529746835442,10,0
0.061235193670886076,0.11534455379746834,10,0
0.061235193670886076,0.11774381012658228,10,0
0.061235193670886076,0.1201430664556962,10,0
0.061235193670886076,0.12254232278481013,10,0
0.061235193670886076,0.12494157911392405,10,0
0.061235193670886076,0.12734083544303798,10,0
0.061235193670886076,0.1297400917721519,10,0
0.061235193670886076,0.13213934810126582,10,0
0.061235193670886076,0.13453860443037974,10,0
0.061235193670886076,0.13693786075949366,10,0
0.061235193670886076,0.13933711708860758,10,0
0.061235193670886076,0.1417363734177215,10,0
0.061235193670886076,0.14413562974683541,10,0
0.061235193670886076,0.14653488607594933,10,0
0.061235193670886076,0.1489341424050633,10,0
0.061235193670886076,0.15133339873417723,10,0
0.061235193670886076,0.15373265506329115,10,0
0.061235193670886076,0.15613191139240506,10,0
0.061235193670886076,0.15853116772151898,10,0
0.061235193670886076,0.1609304240506329,10,0
0.061235193670886076,0.16332968037974682,10,0
0.061235193670886076,0.16572893670886074,10,0
0.061235193670886076,0.16812819303797466,10,0
0.061235193670886076,0.17052744936708858,10,0
0.061235193670886076,0.1729267056962025,10,0
0.061235193670886076,0.17532596202531647,10,0
0.061235193670886076,0.1777252183544304,10,0
0.061235193670886076,0.1801244746835443,10,0
0.061235193670886076,0.18252373101265823,10,0
0.061235193670886076,0.18492298734177215,10,0
0.061235193670886076,0.18732224367088607,10,0
0.061235193670886076,0.1897215,10,0
